{
  "results": [
    {
      "command": "swift package resolve (cold)",
      "mean": 15.78492540334,
      "stddev": null,
      "median": 15.78492540334,
      "user": 9.22502216,
      "system": 7.02640812,
      "min": 15.78492540334,
      "max": 15.78492540334,
      "times": [
        15.78492540334
      ],
      "exit_codes": [
        0
      ]
    },
    {
      "command": "swifterpm resolve (cold)",
      "mean": 3.73336427834,
      "stddev": null,
      "median": 3.73336427834,
      "user": 4.3431431599999994,
      "system": 4.80524412,
      "min": 3.73336427834,
      "max": 3.73336427834,
      "times": [
        3.73336427834
      ],
      "exit_codes": [
        0
      ]
    }
  ]
}
