{
  "results": [
    {
      "command": "swift package resolve (cold)",
      "mean": 157.43605245034,
      "stddev": null,
      "median": 157.43605245034,
      "user": 129.81020958,
      "system": 95.98347914,
      "min": 157.43605245034,
      "max": 157.43605245034,
      "times": [
        157.43605245034
      ],
      "exit_codes": [
        0
      ]
    },
    {
      "command": "swifterpm resolve (cold)",
      "mean": 53.92747490834,
      "stddev": null,
      "median": 53.92747490834,
      "user": 46.652939579999995,
      "system": 80.72761214,
      "min": 53.92747490834,
      "max": 53.92747490834,
      "times": [
        53.92747490834
      ],
      "exit_codes": [
        0
      ]
    }
  ]
}
