{
  "results": [
    {
      "command": "swift package resolve (worktree-warm)",
      "mean": 76.22602780978,
      "stddev": null,
      "median": 76.22602780978,
      "user": 62.725101759999994,
      "system": 55.391669099999994,
      "min": 76.22602780978,
      "max": 76.22602780978,
      "times": [
        76.22602780978
      ],
      "exit_codes": [
        0
      ]
    },
    {
      "command": "swifterpm resolve (worktree-warm)",
      "mean": 0.31142280878,
      "stddev": null,
      "median": 0.31142280878,
      "user": 1.59846876,
      "system": 0.1689511,
      "min": 0.31142280878,
      "max": 0.31142280878,
      "times": [
        0.31142280878
      ],
      "exit_codes": [
        0
      ]
    }
  ]
}
